{
  "generator-jhipster": {
    "promptValues": {
      "packageName": "com.huatonghh.ei"
    },
    "jhipsterVersion": "6.2.0",
    "applicationType": "monolith",
    "baseName": "enterprise_insurance_back",
    "packageName": "com.huatonghh.ei",
    "packageFolder": "com/huatonghh/ei",
    "serverPort": "8080",
    "authenticationType": "jwt",
    "cacheProvider": "ehcache",
    "enableHibernateCache": true,
    "websocket": false,
    "databaseType": "sql",
    "devDatabaseType": "mysql",
    "prodDatabaseType": "mysql",
    "searchEngine": false,
    "messageBroker": false,
    "serviceDiscoveryType": false,
    "buildTool": "gradle",
    "enableSwaggerCodegen": false,
    "jwtSecretKey": "ZDViMTdmN2Y3OTdmMDMxNWE0YWUzZDQzMWNmMmRmODY3MDYyMDI1NDg2ZWNmZjE0MDIyODUwZjg2NmQyYTE2ZDA4ZmZlOTRlZWIwZjNkZjU5ZjgyMTYyM2I1OTFhNjIzYzMwZGQwMjk0YTVhNDhhZjAxODAzZjE5MTAzOTkzMGE=",
    "testFrameworks": [],
    "jhiPrefix": "jhi",
    "entitySuffix": "",
    "dtoSuffix": "DTO",
    "otherModules": [],
    "enableTranslation": false,
    "clientPackageManager": "npm",
    "blueprints": [],
    "skipClient": true
  }
}